student_id,experiment_score,temperature,humidity
101,85.0,36.5,60.0
102,90.0,37.0,55.0
103,84.625,36.8,58.0
104,78.0,36.824999999999996,65.0
105,88.0,37.2,59.625
106,92.0,36.9,59.0
107,75.0,36.4,62.0
108,84.625,37.1,57.0
109,80.0,36.7,59.625
110,89.0,36.824999999999996,61.0
